date,forecast_day,forecast_precip_mm,predicted_wl_m,water_level_stage,lstm_predicted_wl_m,lstm_water_level_stage,gru_predicted_wl_m,gru_water_level_stage,runoff_reduction_10pct_predicted_wl_m,runoff_reduction_10pct_water_level_stage,runoff_reduction_20pct_predicted_wl_m,runoff_reduction_20pct_water_level_stage,storage_2_5mm_predicted_wl_m,storage_2_5mm_water_level_stage,storage_5mm_predicted_wl_m,storage_5mm_water_level_stage
2026-10-10,1,0.05,0.45,Action stage,0.30,Action stage,0.32,Action stage,0.45,Action stage,0.45,Action stage,0.46,Action stage,0.46,Action stage
2026-10-11,2,13.94,0.54,Action stage,0.29,Action stage,0.35,Action stage,0.52,Action stage,0.50,Action stage,0.51,Action stage,0.47,Action stage
2026-10-12,3,0.00,0.80,Action stage,0.32,Action stage,0.36,Action stage,0.74,Action stage,0.69,Action stage,0.69,Action stage,0.54,Action stage
2026-10-13,4,0.45,0.91,Action stage,0.34,Action stage,0.37,Action stage,0.82,Action stage,0.78,Action stage,0.79,Action stage,0.61,Action stage
2026-10-14,5,0.00,0.81,Action stage,0.34,Action stage,0.37,Action stage,0.79,Action stage,0.78,Action stage,0.78,Action stage,0.60,Action stage
2026-10-15,6,1.34,0.69,Action stage,0.32,Action stage,0.34,Action stage,0.70,Action stage,0.72,Action stage,0.71,Action stage,0.56,Action stage
2026-10-16,7,5.15,0.62,Action stage,0.32,Action stage,0.35,Action stage,0.64,Action stage,0.65,Action stage,0.63,Action stage,0.55,Action stage
2026-10-17,8,0.74,0.63,Action stage,0.32,Action stage,0.36,Action stage,0.63,Action stage,0.63,Action stage,0.59,Action stage,0.54,Action stage
2026-10-18,9,0.00,0.60,Action stage,0.32,Action stage,0.35,Action stage,0.60,Action stage,0.59,Action stage,0.56,Action stage,0.52,Action stage
2026-10-19,10,0.00,0.58,Action stage,0.32,Action stage,0.34,Action stage,0.58,Action stage,0.57,Action stage,0.56,Action stage,0.53,Action stage
2026-10-20,11,0.00,0.55,Action stage,0.32,Action stage,0.35,Action stage,0.55,Action stage,0.55,Action stage,0.57,Action stage,0.55,Action stage
2026-10-21,12,0.00,0.54,Action stage,0.34,Action stage,0.35,Action stage,0.54,Action stage,0.54,Action stage,0.58,Action stage,0.60,Action stage
2026-10-22,13,0.85,0.52,Action stage,0.33,Action stage,0.33,Action stage,0.52,Action stage,0.52,Action stage,0.58,Action stage,0.58,Action stage
2026-10-23,14,0.00,0.50,Action stage,0.31,Action stage,0.34,Action stage,0.51,Action stage,0.51,Action stage,0.56,Action stage,0.55,Action stage
